VideoName,Frames,Segments,All UserIDs,Video Duration,FPS,No Users
Air_Force_One.mp4,4494,"[[[15.461789757999998, 19.417131324], [56.992876201, 62.678596], [76.050431019, 82.70259638], [157.403824, 167.20307529000002]], [[11.16, 13.8], [58.84, 60.920728], [68.16, 85.72], [159.160048, 162.800384]], [[9.36, 10.320022], [31.360248, 32.66153262833333], [56.93294678333333, 58.13153513666667], [75.81071334833334, 85.359379], [103.640118, 104.319302], [122.800506, 123.800008], [152.321354, 164.679404]], [[16.480022, 17.079884035], [36.680022, 37.156238953333336], [46.080476, 46.744945779999995], [52.52, 54.23612298833333], [61.40034, 63.225535638333334], [72.760022, 74.01283081833334], [76.800226, 81.48], [102.56, 104.44], [118.08, 119.28], [154.84068, 158.21366264], [165.40519275999998, 174.69425249833333]], [[2.08, 6.999455], [70.44, 78.959569], [162.68034, 169.679977]], [[4.280003, 8.679213], [55.28, 57.959705], [76.68, 78.959768], [94.32, 96.319655], [128.280003, 129.919364], [160.080002, 162.678976], [166.48, 167.159257], [173.760002, 175.559745]], [[30.16, 33.319977], [74.4, 85.959977], [160.59632, 171.98188]], [[53.63682881166667, 57.23259387166666], [77.90824296666666, 87.49694979333333], [120.45812950999999, 124.952835835], [164.20660440666666, 171.54813452666667]], [[66.52165360999999, 83.00224346833333], [155.778911, 166.00448693666667]], [[8.04, 9.887459999999999], [33.84, 35.560544], [50.400385, 53.199954], [63.480136, 67.199954], [76.560022, 82.039954], [111.72, 113.68], [150.44, 152.319274], [156.70126, 160.159954], [166.080022, 167.719977], [172.200022, 174.439954]], [[11.085939999999999, 14.981], [89.28676, 97.3765], [151.3081, 166.2891]], [[66.82130069833333, 74.612124995], [81.20436093833332, 87.197302705], [98.88353914999999, 103.97753965166666], [125.25248292333332, 130.94577760166666], [156.11613302166666, 158.51330972833333]], [[129.760005, 132.999983], [72.814242465, 87.997324], [159.52136, 168.075873]], [[10.18708, 11.480001], [44.343759999999996, 46.759595], [52.480004, 53.759886], [66.51563999999999, 68.920263], [78.80006, 80.07898], [84.160001, 85.959334], [104.680001, 106.67923], [134.840001, 138.879598], [162.040006, 164.19176], [169.480003, 175.559215]], [[62.178185, 66.300362], [73.22077, 85.53746], [158.581632, 164.059909]]]","[['ME'], ['ETH_84_14_02_13_PM'], ['OTHER_92_105_85_220_14_02_16_PM'], ['UNI_32_14_02_17_PM'], ['UNI_41_14_02_20_AM'], ['UNI_98_14_02_20_AM'], ['UNI_44_14_02_20_AM'], ['UNI_44_14_02_20_PM'], ['UNI_32_14_02_20_PM'], ['UNI_98_14_02_20_PM'], ['UNI_32_14_02_25_PM'], ['UNI_44_14_02_25_PM'], ['UNI_98_14_02_25_PM'], ['UNI_41_14_02_25_PM']]",179.772,25,15
Base jumping.mp4,4729,"[[[32.29563666666666, 38.170987], [47.6493, 52.485989], [85.01799, 86.619986], [79.68021833333333, 85.852009], [92.65141666666666, 97.229987]], [[4.37102, 8.040997], [29.53, 33.133151], [50.050022, 53.15331], [70.938004, 72.90585], [78.912018, 80.378843], [87.554013, 89.455986], [95.36204, 96.66297], [115.649002, 117.215963], [134.70102, 137.770997]], [[52.14951166666666, 59.559977], [96.563356, 103.637006]], [[4.667442, 5.813252], [26.8704, 32.82507333333333], [66.55901999999999, 71.209232], [81.797965, 86.298177], [97.681065, 100.32824833333332], [123.094025, 127.858955]], [[46.06099, 58.491995], [123.09402499999999, 128.12367333333333]], [[2.9119016666666666, 6.573034], [16.941973333333333, 20.82102], [40.501905, 46.38], [92.38669833333333, 95.56331833333333], [124.15289833333334, 131.398]], [[3.904002, 5.338318], [43.477, 47.6493], [67.868004, 72.60494], [82.06268333333333, 86.29817666666666], [97.965001, 101.434551], [120.71156, 123.322743], [132.62388499999997, 135.27106833333332]], [[28.060143333333333, 32.866009], [42.354933333333335, 45.612013], [83.617006, 86.52], [92.326009, 94.259841], [118.685011, 120.686961], [122.22204, 127.893718], [2.669024, 5.438956]], [[50.296483333333335, 54.087029], [74.38585166666667, 75.609002], [95.662809, 101.12240333333332], [119.65268666666665, 127.59423666666667], [16.048979, 20.120014], [27.795424999999994, 28.85429833333333]], [[37.85472166666666, 43.413806666666666], [24.99824166666667, 25.298241666666666], [77.56247166666667, 82.32740166666666], [122.56458833333333, 126.00592666666667]], [[25.148241666666667, 32.560355], [81.271702, 86.29817666666666], [117.804011, 120.419863], [125.826784, 129.295987], [42.61965166666666, 47.38458166666667]], [[133.16657, 136.32994166666666], [25.67767833333333, 29.648453333333332], [48.44345499999999, 55.022763], [83.417223, 89.739515], [126.059727, 128.494988]], [[24.618805, 28.708417], [44.060748, 50.254595], [63.79711833333334, 69.35620333333333], [125.21177166666666, 127.557439], [133.681304, 136.098002], [81.282677, 84.414714]], [[3.176619052886963, 10.059296607971191], [39.17831039428711, 48.70817184448242], [97.68106079101562, 103.76958465576172]], [[60.885216666666665, 66.97373833333333], [27.795424999999994, 34.94282], [80.47437333333333, 84.97458499999999], [125.74120833333332, 128.12367333333333], [135.53578666666667, 137.388815], [4.235493333333333, 6.088521666666666]], [[26.207114999999998, 30.105238], [44.21185833333335, 46.590426666666666], [68.472584, 70.3904986666667], [82.59212, 84.18042999999999], [7.2846249999999975, 9.42891], [94.50444499999999, 97.68106499999999], [123.36069166666664, 127.4667483333333], [132.191904, 135.858768], [55.134535, 56.108005]], [[4.55136, 6.746984], [27.358616, 33.08979166666666], [43.025283, 48.908594], [82.06268333333333, 86.486643], [122.204175, 127.63955]], [[44.47268, 48.70817333333333], [66.44430166666666, 70.15035833333333], [82.24935133333337, 83.71704000000001], [88.41592333333332, 90.824149], [94.995215, 96.88690999999999], [102.402018, 103.50486833333332], [120.97627833333333, 126.793877], [4.500211666666667, 5.029648333333333], [18.452063, 19.32443833333333], [55.06141333333333, 56.64972333333333]]]","[['UNI_164_13_09_25_AM'], ['UNI_156_13_09_25_PM'], ['UNI_44_13_09_25_PM'], ['OTHER_213_144_144_218_13_09_29_PM'], ['UNI_164_13_09_30_AM'], ['UNI_44_13_09_30_AM'], ['UNI_136_13_09_30_AM'], ['UNI_156_13_09_30_AM'], ['UNI_164_13_10_01_PM'], ['UNI_44_13_10_01_PM'], ['UNI_156_13_10_01_PM'], ['OTHER_129_132_158_18_13_10_03_PM'], ['ETH_66_13_10_03_PM'], ['ETH_37_13_10_03_PM'], ['ETH_87_13_10_07_PM'], ['ME'], ['ETH_68_13_10_16_PM'], ['OTHER_92_106_104_29_13_10_20_PM']]",158.831,29.97002997002997,18
Bearpark_climbing.mp4,3341,"[[[10.000039, 12.6], [82.85866, 86.680004], [68.15793000000001, 71.960005], [101.44, 106.64928166666672], [110.92430933333334, 113.3943823333333], [122.9527986666667, 125.1574436666667]], [[9.622296, 12.829728], [78.047512, 85.959592], [103.84061100000001, 109.759904], [127.762708, 130.301925]], [[2.0, 4.48], [27.640022, 30.52], [75.649986, 77.29020166666666], [101.12320333333334, 104.999977], [109.960634, 112.56077], [116.720022, 118.16], [124.960498, 126.280566]], [[3.44, 7.559954], [49.720068, 54.320317], [92.400022, 97.719977], [99.88, 102.479977]], [[0.920186, 3.1183366666666665], [26.6, 29.679707], [47.000011, 49.83975], [71.72174333333334, 75.598986], [86.679571, 88.479688], [95.879593, 97.439184], [107.400003, 110.320744], [124.320001, 125.999596]], [[48.640589, 53.479909], [107.582615, 122.50608333333332]], [[1.88, 12.878866], [74.839977, 80.359977], [101.36, 104.720022]], [[1.240022, 4.759977], [7.960272, 10.245963333333334], [46.880498, 49.67064833333333], [75.600022, 78.400294], [82.63592166666666, 85.959977], [103.96, 106.398911], [123.84251333333333, 126.279954]], [[76.844725, 87.31342666666666], [106.69166166666668, 113.915873], [127.76263, 129.85644833333333]], [[8.01858, 14.70073], [83.97235166666667, 92.65914666666666], [100.900465, 105.57797]], [[44.770405, 48.399964], [37.64277833333333, 39.424685000000004], [70.162575, 74.27997], [80.1858, 82.190445], [98.83927299999999, 100.900465], [87.75890333333332, 91.198945], [109.36452166666668, 112.03738166666668], [122.10111949999998, 122.50608333333332]], [[11.054715, 13.294806], [23.209409, 25.837646666666668], [49.430906, 51.272992], [95.763514, 99.835804], [103.508003, 107.11018], [124.409137, 127.989364]], [[74.481859, 80.236235], [88.40068, 101.51746]], [[25.614908333333332, 29.624198333333332], [47.66600333333333, 50.519185], [77.000001, 81.52223000000001], [85.30878166666666, 87.199777], [104.68701666666666, 107.080581], [112.08, 113.238856], [117.8, 121.079253]], [[48.11148, 54.125415], [9.35501, 12.02787], [85.97699666666666, 88.42711833333334], [103.722403, 107.636689], [124.443628, 126.292635], [3.1183366666666665, 6.236673333333333]]]","[['ME'], ['ETH_84_14_02_13_PM'], ['UNI_32_14_02_17_PM'], ['UNI_41_14_02_20_PM'], ['UNI_98_14_02_20_AM'], ['UNI_44_14_02_20_AM'], ['UNI_32_14_02_20_AM'], ['UNI_44_14_02_20_PM'], ['UNI_98_14_02_20_PM'], ['UNI_41_14_02_25_PM'], ['UNI_44_14_02_25_PM'], ['UNI_98_14_02_25_PM'], ['UNI_32_14_02_25_PM']]",133.643,25,15
Bike Polo.mp4,3064,"[[[20.946789999999996, 26.133013]], [[22.000004, 23.999985], [28.400001, 31.732408], [59.6, 62.932109], [72.033002, 75.5458], [84.989025, 86.87767]], [[20.946789999999996, 31.420185]], [[0.0, 1.80002], [11.846955, 15.800017], [28.673065, 32.967002], [69.36478, 74.51563]], [[23.133104, 25.899958], [-0.15, 0.15], [62.63302, 69.36775], [71.70002, 73.365979], [85.867687, 87.232979]], [[20.775094999999997, 25.06747], [47.057867, 52.555898], [69.70817000000001, 74.000545], [85.50411, 86.705975]], [[12.190344999999999, 14.250685], [-0.15, 0.15], [27.814590000000003, 29.87493], [85.50411, 87.392755]], [[84.645635, 86.87767], [22.600009, 24.532988], [71.940205, 75.717495]], [[84.83902499999999, 87.698775], [22.499293, 30.199832], [68.678, 73.48546]], [[58.37630081176758, 61.981895446777344], [43.26713943481445, 47.095184326171875], [70.05155944824219, 73.82884979248047], [13.392210006713867, 17.512889862060547]], [[9.400667, 11.67526], [26.4675, 31.24849], [83.61546499999999, 86.53428], [69.536475, 74.343935]], [[21.461875, 24.380689999999998], [69.66980833333332, 74.966672], [85.533336, 86.966664], [96.49258999999999, 99.754795], [6.18102, 8.756445000000001]], [[28.933333, 32.299166], [21.730833, 24.3], [61.7, 64.165833], [69.833333, 74.166666], [47.667735, 50.306635]], [[85.56702, 89.291503], [22.513333, 25.582555], [60.951724999999996, 63.52715], [71.400028, 75.5458]], [[0.800005, 3.399561], [16.233025, 18.027974999999998], [29.767004, 31.729235999999997], [58.733016, 60.466475], [72.067012, 74.26647], [85.233002, 88.56594]]]","[['UNI_156_13_09_30_AM'], ['UNI_136_13_09_30_PM'], ['UNI_164_13_09_30_PM'], ['UNI_44_13_09_30_PM'], ['UNI_164_13_10_01_AM'], ['UNI_156_13_10_01_AM'], ['UNI_44_13_10_01_AM'], ['OTHER_129_132_158_18_13_10_03_AM'], ['ETH_66_13_10_03_PM'], ['ETH_37_13_10_03_PM'], ['ETH_87_13_10_07_PM'], ['ME'], ['ETH_68_13_10_16_PM'], ['OTHER_92_106_104_29_13_10_20_PM'], ['ETH_5_14_02_27_PM']]",103.017,30,15
Bus_in_Rock_Tunnel.mp4,5131,"[[[31.006324, 33.55686208], [47.9383744, 51.876169440000005], [69.51064288, 74.198504], [85.26182304, 91.799176], [148.868336, 153.655056]], [[50.50518, 54.78528], [67.45437600000001, 72.753035], [79.952268, 94.675812]], [[6.167006, 8.03297], [41.767029, 44.299977], [46.767029, 52.567006], [59.467006, 62.699954], [90.699998, 91.499975], [114.133038, 115.499954], [125.233015, 127.499977], [140.033786, 141.09882], [146.000022, 147.767006], [160.900045, 162.433015], [166.167029, 169.099977]], [[51.067006, 65.633174], [91.067006, 97.899977], [150.9, 154.699977]], [[1.500489, 3.9947600000000003], [48.133002, 51.466065], [74.767005, 77.332382], [92.367, 94.666255], [108.767, 109.865989], [127.567001, 128.265924], [139.333487, 139.999562], [154.4, 155.499355], [138.67524, 138.67524]], [[67.233015, 74.699977], [89.367006, 97.366984], [133.899977, 140.38728], [151.80088, 155.232993]], [[53.033038, 56.532993], [87.967006, 91.199977], [99.367006, 101.332993], [120.067006, 122.133492], [125.633673, 127.466961], [138.933446, 141.33297], [145.767006, 149.332993], [156.300022, 158.43356], [166.6, 168.833151], [16.54972, 19.232985]], [[26.033015, 30.81672], [47.3, 51.93188], [73.867006, 76.298866], [90.867006, 94.1622], [125.067006, 128.403], [137.333015, 140.67262], [164.698911, 168.566961]], [[122.4140632, 126.12358026666666], [43.08746746666667, 52.21858640000001], [67.6273496, 70.48082426666666], [144.55908079999992, 148.9513776], [98.00952853333332, 102.15439306666667], [85.73958746666666, 86.03958746666667], [83.39618346666674, 84.46285013333335]], [[18.111760000000004, 18.41176], [52.217220000000005, 57.068000000000005], [87.88472, 91.59414000000001], [123.68756, 123.98756000000002], [107.28784, 122.41086], [111.56794000000002, 111.56794000000002], [143.81136, 145.23806000000002]], [[84.10281, 86.74336000000001], [94.56584, 96.431962], [144.733038, 151.233492], [164.45985333333337, 167.5]], [[75.90044, 82.74860000000001], [46.79576, 51.93188], [91.87948, 98.72764000000001], [120.26348, 123.26688], [53.073240000000006, 55.926640000000006], [121.55484000000001, 121.55484000000001]], [[160.65062373333333, 169.299956], [75.470498, 85.327051], [89.467278, 96.16209626666667]], [[9.233003, 11.466761], [47.067006, 51.200447], [64.233002, 65.599166], [108.867001, 110.399066], [128.067793, 128.79883]], [[64.303396, 69.33762], [89.614952, 98.782126]]]","[['ME'], ['ETH_84_14_02_14_PM'], ['UNI_32_14_02_17_PM'], ['UNI_41_14_02_20_PM'], ['UNI_98_14_02_20_AM'], ['UNI_44_14_02_20_AM'], ['UNI_32_14_02_20_AM'], ['UNI_98_14_02_20_PM'], ['UNI_41_14_02_25_PM'], ['UNI_32_14_02_25_PM'], ['UNI_44_14_02_25_PM'], ['UNI_98_14_02_25_PM'], ['OTHER_129_132_158_18_14_02_27_PM']]",171.204,30,15
car_over_camera.mp4,4382,"[[[83.79956079600001, 90.965666344], [101.535312, 111.732747728]], [[35.3693423333333, 37.371043], [60.79401, 63.229951], [85.55301900000003, 90.67317224], [108.408174, 111.945453], [140.574024, 142.275022], [141.85964044, 144.05334622]], [[56.78831333333333, 63.73001], [86.286019, 90.958014], [92.96001, 95.495044], [102.85265333333332, 104.07128666666667], [109.67699999999999, 110.89563333333332], [32.41564666666667, 33.39055333333333], [140.507016, 144.04246], [38.02136, 38.50881333333333], [36.89645333333333, 37.19645333333333]], [[4.638002, 5.362002176666667], [37.018424179166665, 37.31842417916666], [55.956002, 61.90675240333334], [86.720001, 92.625744], [110.611001, 111.844721], [134.434007, 135.867898], [141.008001, 144.410379]], [[1.902018, 8.286706666666666], [55.789024, 65.798979], [109.276054, 111.711995], [140.841043, 143.744172]], [[62.529002, 67.034013], [87.52102, 93.726984]], [[36.07427282666667, 39.974194213333334], [63.373722533333336, 66.05491848666666], [109.44154391333332, 112.36648495333333], [140.54, 146.046009], [85.06703524666666, 90.91691732666666]], [[4.538004, 6.336893333333332], [36.07154666666667, 38.50881333333333], [62.462018, 65.965963], [86.620022, 88.386848], [92.426031, 94.794965], [97.497006, 98.798956], [103.537029, 107.606938], [110.71102, 112.84544666666666]], [[23.399528319999998, 25.105743926666666], [85.79827050666667, 94.08560345333332], [100.91046588, 109.92903408666665]], [[94.07849333333333, 111.87053999999999], [119.42606666666667, 119.42606666666667]], [[35.34036666666666, 39.23999333333333], [55.81340666666666, 64.83129333333333], [84.32942666666666, 88.47278], [110.110044, 115.03898666666666]], [[85.79827050666667, 88.96695663333334], [61.91125201333334, 63.61746762], [96.03556414666667, 111.63524969333334]], [[87.15086, 102.433763], [110.310135, 112.040293]], [[109.843038, 112.444308], [85.919018, 92.956458], [76.7797023, 76.7797023]], [[18.752004, 23.488886], [36.770002, 39.50563], [55.656001, 59.259444], [65.599006, 66.4658], [86.386, 87.286706], [110.310002, 111.844779], [116.416003, 117.718003], [140.440001, 142.09264666666664], [139.50537999999997, 139.80537999999999], [138.92419999999998, 138.92419999999998]]]","[['ME'], ['OTHER_92_105_85_220_14_02_16_PM'], ['UNI_32_14_02_17_PM'], ['UNI_98_14_02_20_PM'], ['UNI_32_14_02_20_AM'], ['UNI_41_14_02_20_AM'], ['UNI_44_14_02_20_AM'], ['UNI_41_14_02_20_PM'], ['UNI_44_14_02_20_PM'], ['UNI_32_14_02_25_PM'], ['UNI_44_14_02_25_PM'], ['UNI_41_14_02_25_PM'], ['UNI_98_14_02_25_PM']]",146.236,29.97002997002997,15
Car_railcrossing.mp4,5075,"[[[5.927585685, 11.676712], [16.9359591, 23.202263967], [81.80068245300001, 87.89762772899999], [157.165700448, 162.07712858699998]], [[2.8224333333333336, 4.303968], [10.477006, 12.043968], [14.681043, 16.583219], [18.719024, 22.01498], [56.757029, 58.42437], [78.445034, 82.13281], [86.486031, 89.722993], [97.030022, 99.064943], [140.574353, 145.07307333333333], [164.54786333333334, 166.164963]], [[10.611043, 13.714263], [19.219024, 22.523015], [64.83102, 72.171972], [82.115011, 86.586961], [152.285011, 158.351217585]], [[153.82261666666668, 156.92729333333335], [10.16076, 29.635550000000002], [111.76836, 113.17957666666666]], [[1.335011, 10.176984], [21.221043, 26.192993], [78.679002, 83.849954], [158.759024, 163.129977]], [[2.035004, 4.270388], [15.282, 16.548954], [20.654163, 21.621267], [31.832004, 33.632831], [44.845001, 47.780601], [78.912, 82.748371], [112.412002, 114.512933], [159.326, 163.362464]], [[17.782757054999998, 25.575696523333296], [74.30262072166667, 81.31434133333333], [125.89062931000001, 126.691898], [125.32609734, 126.69197], [156.37535569, 160.027017]], [[20.32152, 25.658979], [56.89, 60.117830000000005], [78.478027, 86.36646], [111.76836, 114.87303666666666], [140.207006, 145.243877]], [[20.603763333333333, 28.506576666666668], [4.08365, 4.38365], [159.46748333333335, 169.06375666666668], [80.15710666666668, 86.64870333333333]], [[3.1046766666666668, 5.906031], [10.276848, 12.312018], [16.370113333333332, 22.01498], [78.779002, 83.049954], [93.093038, 97.463968], [156.92729333333335, 161.259909], [167.067006, 169.00204]], [[13.347033, 16.371427129999997], [17.218225085, 23.657], [84.551337, 88.63151929], [112.448933, 115.72905385], [167.334005, 169.359591]], [[78.412422, 81.347978], [154.964025765, 160.60934546500002], [14.014017, 26.224924], [110.930532105, 115.446787865]], [[10.303967, 15.80689516], [16.371427129999997, 31.497936], [58.326689, 61.924875]], [[3.337004, 5.072], [20.03927666666667, 26.692995], [76.443108, 81.948403], [86.753, 89.155713], [136.169002, 137.471762]], [[12.70095, 25.909938], [81.794118, 93.30964600000001]], [[19.813482, 25.553], [78.730952, 82.015222], [158.635364, 161.062302], [110.582938, 113.123128]]]","[['ME'], ['UNI_32_14_02_17_PM'], ['UNI_32_14_02_20_PM'], ['UNI_44_14_02_20_PM'], ['UNI_41_14_02_20_AM'], ['UNI_98_14_02_20_AM'], ['UNI_44_14_02_20_AM'], ['UNI_98_14_02_20_PM'], ['UNI_41_14_02_25_PM'], ['UNI_32_14_02_25_PM'], ['UNI_44_14_02_25_PM'], ['UNI_98_14_02_25_PM'], ['ETH_34_14_02_27_PM'], ['OTHER_129_132_158_18_14_02_27_PM']]",169.346,29.97002997002997,16
Cockpit_Landing.mp4,9046,"[[[5.436348333333333, 7.931178666666668], [284.46806399999997, 297.467136], [77.08751999999998, 83.06693333333332], [115.17782399999999, 118.805472], [144.199008, 145.71052799999998], [226.42569599999996, 228.541824], [242.75011199999997, 246.98236799999998], [271.972004, 277.515072]], [[73.774536, 77.076528], [113.981005, 120.01468799999999], [229.060944, 233.29888], [239.74, 248.515008], [285.585015, 298.37404799999996], [38.238586, 47.461727999999994]], [[5.439002, 6.04608], [26.703519999999997, 29.281995], [43.330239999999996, 45.438911], [73.606958, 76.58368], [110.880045, 113.86784], [141.311746, 142.699955], [192.97071999999997, 197.50527999999997], [244.370834, 248.89695999999995], [257.46223999999995, 261.712467], [274.758725, 279.098181], [286.735913, 300.584258]], [[4.771043, 7.053759999999999], [59.95696, 62.47615999999999], [73.77401, 76.87696], [110.277028, 113.713967], [232.132537, 243.810043], [249.249, 258.225009], [272.139, 272.905984], [276.109, 277.176982], [281.448002, 282.783399], [289.623785, 293.994034]], [[46.914376, 53.419977], [76.176009, 84.116984], [159.226009, 168.200997], [272.606009, 282.447891], [287.954036, 297.396984]], [[35.469002, 41.941995], [285.485011, 300.867006]], [[2.970447, 6.6727], [63.797537, 65.398657], [72.673, 74.740151], [113.679494, 116.11527], [143.443004, 146.278767], [219.653462, 221.287596], [241.775004, 243.443666], [269.402002, 270.669092], [289.089001, 290.422098]], [[6.006009, 8.841995], [27.528004, 33.757279999999994], [58.559002, 64.898027], [71.672018, 77.176984], [111.545011, 116.949954], [26.703519999999997, 26.703519999999997], [200.767006, 203.436961], [238.305034, 241.8739], [259.726009, 262.695986], [282.382018, 285.651972], [292.2272, 297.664036]], [[34.11112, 34.41112], [53.257039999999996, 53.55703999999999], [190.45152, 194.98608], [50.88784, 54.414719999999996], [74.56832, 79.10288], [72.55296, 84.64511999999999], [246.37775999999997, 246.37775999999997], [279.6312, 294.7464], [245.37007999999997, 245.37007999999997], [286.18111999999996, 286.18111999999996]], [[36.27648, 42.742993], [68.035011, 75.841995], [107.741043, 114.814988], [141.441043, 147.114331], [251.92, 259.225986], [286.68496, 296.76176]], [[43.330239999999996, 49.88016], [67.51455999999999, 74.56832], [119.91392, 123.4408], [141.57904, 144.09823999999998], [227.23183999999998, 232.27024], [239.32399999999998, 243.85856], [266.53136, 269.5544], [280.63888, 284.16576], [291.72335999999996, 298.27328]], [[76.58368, 116.050567], [88.172, 88.172]], [[37.175487, 41.63975], [73.009546, 78.09519999999999], [111.845782, 120.640249], [210.744013, 217.279841], [241.851179, 247.641519], [278.685328, 283.945555], [288.957891, 294.08619]], [[29.365827, 36.900294], [77.478571, 82.278888], [113.514625, 120.41775999999999], [214.48102, 221.084784], [285.67728, 301.6934]], [[3.904004, 6.939736], [55.556797, 57.38988], [170.14791999999997, 170.44791999999998], [68.101, 70.736518], [76.276003, 78.478797], [116.38703999999998, 121.187726], [197.464008, 200.199159], [260.460002, 262.661892], [285.285, 301.634565]]]","[['ME'], ['ETH_84_14_02_13_PM'], ['OTHER_92_105_85_220_14_02_16_PM'], ['UNI_32_14_02_17_PM'], ['UNI_41_14_02_20_AM'], ['UNI_44_14_02_20_AM'], ['UNI_98_14_02_20_AM'], ['UNI_32_14_02_20_AM'], ['UNI_98_14_02_20_PM'], ['UNI_44_14_02_20_PM'], ['UNI_41_14_02_20_PM'], ['UNI_44_14_02_25_PM'], ['UNI_41_14_02_25_PM'], ['UNI_32_14_02_25_PM'], ['UNI_98_14_02_25_PM']]",302.304,29.97002997002997,15
Cooking.mp4,1286,"[[[32.61029052734375, 39.92115783691406], [51.40601348876953, 53.292335510253906], [69.64557647705078, 73.39720916748047]], [[25.010844444444444, 29.14725333333333], [66.08634666666666, 70.89612444444444], [49.54071111111111, 53.38853333333333]], [[32.89888, 38.210984], [50.005631, 53.671844], [69.64558222222222, 72.735695]], [[9.04238224029541, 10.842573165893555], [18.485994338989258, 21.25921630859375], [29.508604049682617, 34.076011657714844], [51.365055084228516, 52.61136245727539], [67.34185791015625, 68.39447021484375], [69.96957397460938, 70.89823913574219]], [[6.131451, 9.136418], [34.82279111111111, 37.99724444444444], [68.670136, 74.190456]], [[30.66891, 36.939093333333325], [52.069364, 54.179572], [70.080704, 73.9743822222222]], [[27.66702, 31.266997], [37.200013, 40.866997], [67.09069333333332, 70.866974], [52.333006, 53.398856], [47.18392, 47.18392]], [[49.63690666666666, 52.08989333333333], [65.79776, 71.56949333333333], [30.01301333333333, 34.77469333333333]], [[33.333015, 35.799977], [44.8, 47.532993], [52.0, 53.932993], [67.467482, 70.999977]], [[43.143707, 46.158814], [52.468413, 54.184315], [68.42927, 76.016334]], [[28.570079999999997, 38.814906666666666]], [[38.23773333333333, 45.733005], [50.93554666666666, 53.667019], [69.26079999999999, 72.00237333333334]], [[32.667762, 35.732972], [52.733, 54.931979], [69.54938666666666, 72.531939], [79.733329, 82.10290666666667]], [[36.36192, 43.720879999999994], [69.11650666666665, 74.59965333333332]], [[29.002959999999998, 35.92904], [51.94559999999999, 54.867004], [70.27085333333332, 72.72384]], [[32.75458666666666, 34.19752], [42.27794666666666, 44.00946666666666], [51.07984, 52.95565333333332], [67.24069333333333, 71.28090666666665]], [[35.06327999999999, 43.288], [68.667233, 73.399977]]]","[['ETH_84_13_08_23_AM'], ['ETH_66_13_08_23_PM'], ['ETH_68_13_08_28_PM'], ['ETH_122_13_08_28_PM'], ['ETH_126_13_08_29_AM'], ['ETH_34_13_08_30_AM'], ['UNI_164_13_09_25_AM'], ['UNI_44_13_09_25_AM'], ['UNI_156_13_09_25_PM'], ['OTHER_213_144_144_218_13_09_29_PM'], ['UNI_156_13_09_30_PM'], ['UNI_44_13_09_30_PM'], ['UNI_136_13_09_30_PM'], ['UNI_164_13_09_30_PM'], ['UNI_156_13_10_01_PM'], ['UNI_44_13_10_01_PM'], ['UNI_164_13_10_01_PM']]",86.576,15,17
Eiffel Tower.mp4,4971,"[[[157.792645, 165.2104], [47.566194, 55.7932], [98.301891, 104.248353]], [[4.690680980682373, 8.372336387634277], [53.901859283447266, 57.008941650390625], [76.8113021850586, 81.04328918457031], [83.66814422607422, 86.2986068725586], [99.56970977783203, 104.09088134765625], [110.89277648925781, 118.86328887939453], [135.1763458251953, 138.10403442382812]], [[3.1084511111111115, 6.660966666666667], [132.7752688888889, 135.6616877777778], [49.51318555555555, 56.967889], [79.0434711111111, 81.26379333333334], [111.041432, 117.28696], [163.19368333333333, 166.247952], [195.322352, 196.921008]], [[4.41034, 6.691066], [49.641176, 56.483352], [78.608528, 81.976328], [97.323264, 100.605896], [126.67428, 131.598096], [194.840272, 197.973616]], [[12.68, 23.239954], [47.32, 52.359705], [117.440294, 124.599977], [126.040022, 131.880113], [135.73372, 136.03372000000002]], [[3.48, 6.440022], [27.560022, 31.36], [48.36, 50.680521], [104.280022, 108.359977], [113.160022, 117.880022], [133.880022, 136.920022], [195.12077, 197.678911]], [[49.29115333333334, 54.619926666666665], [74.920068, 82.319977], [97.120226, 103.879682], [118.720453, 122.079977], [125.76, 130.200022], [193.920022, 195.999954]], [[5.055163, 7.02017], [30.577007, 34.851526], [127.187998, 130.381452], [137.318739, 139.15477], [193.669374, 199.829]], [[115.000022, 121.240385], [195.08, 197.399954], [3.68, 6.159977], [47.480045, 50.4], [67.92, 68.599977]], [[1.760012, 6.439464], [48.400001, 55.439148], [110.360058, 113.90253], [126.15892, 129.919189], [133.68, 137.20051], [195.320001, 197.678808]], [[48.920022, 54.599977], [80.000702, 82.039977], [124.893125, 129.359954]], [[1.9982900000000003, 6.400013], [48.625056666666666, 54.800019], [124.893125, 139.8803], [101.24669333333334, 105.640055]], [[5.04, 6.720566], [11.24, 12.879977], [16.120136, 17.640022], [29.641301666666664, 34.970075], [47.440022, 50.680113], [53.0, 54.6], [64.36, 67.479954], [101.120045, 103.57803166666667], [116.56, 119.0], [125.48, 129.080566], [166.32, 167.159977], [194.52, 196.84]], [[46.959815000000006, 53.287733333333335], [136.21676833333333, 141.679994], [194.50022666666666, 199.49595166666668]], [[0.9991450000000002, 5.99487], [27.48, 34.970075], [46.62676666666667, 53.95383], [133.68, 138.319977]]]","[['ETH_68_13_08_28_AM'], ['ETH_122_13_08_28_PM'], ['ETH_126_13_08_29_PM'], ['ETH_34_13_08_30_PM'], ['UNI_156_13_09_25_AM'], ['UNI_164_13_09_25_AM'], ['UNI_44_13_09_25_AM'], ['OTHER_213_144_144_218_13_09_29_AM'], ['UNI_156_13_09_30_PM'], ['UNI_136_13_09_30_PM'], ['UNI_164_13_09_30_PM'], ['UNI_44_13_09_30_PM'], ['UNI_164_13_10_01_PM'], ['UNI_44_13_10_01_PM'], ['UNI_156_13_10_01_PM']]",199.829,25,15
Excavators river crossing.mp4,9721,"[[[8.688269283333332, 11.66582175], [26.32, 29.5534151], [38.886072500000004, 49.60759062500005], [345.697184525, 350.520018], [69.200752, 73.75020441666668], [93.46476, 101.655552], [103.889608, 112.52], [284.08, 291.760768], [321.160017, 328.81390933333364]], [[17.498732625, 19.443036250000002], [27.400002, 29.164554374999998], [96.240012, 113.936192425], [36.08, 45.88556555], [61.120019, 63.239339], [67.96002, 90.958886]], [[15.12068, 17.359954], [22.6, 28.840476], [35.52, 40.039977], [41.56, 45.360022], [57.680136, 60.200272], [70.44, 75.879954], [79.48, 80.64043], [97.360022, 99.120476], [101.08, 106.958934], [108.720022, 109.48009], [114.68, 115.080408], [118.560612, 120.399977], [122.44, 123.2], [328.32002, 331.679998], [334.400043, 336.999975], [346.560043, 351.00002], [376.760043, 382.078887], [385.160043, 387.399998]], [[119.24549333333334, 121.83778666666667], [324.68474, 329.2212533333333], [384.30748666666665, 388.19592666666665], [68.0477, 86.19375333333333], [1.9442199999999998, 2.880001], [2.592293333333333, 18.14605333333333], [329.2212533333333, 329.2212533333333]], [[3.400589, 16.519977], [37.960566, 53.760453], [70.160022, 83.440158], [131.16, 138.039977], [328.560158, 330.959977]], [[2.520001, 7.279273], [16.4, 23.519098], [40.680003, 48.159351], [69.24, 73.920613], [74.490005, 74.79000500000001], [102.800002, 110.31951], [148.040383, 153.719715], [185.920001, 189.279523], [194.160724, 195.159818], [311.58668120833335, 311.8866812083333], [326.643009, 328.587312625], [353.71325975, 354.01325975], [377.8430044583334, 379.139206875]], [[10.08043, 14.679954], [39.280022, 42.12], [58.640204, 65.919977], [89.438979, 92.519977], [104.44, 104.839931], [113.000022, 113.519954], [171.720022, 174.839954], [182.160272, 186.040498], [202.240022, 206.48], [266.28, 269.199977], [269.76, 271.719954], [277.120702, 285.439954], [296.52, 298.878934], [333.800022, 334.159954], [336.720022, 347.320702], [347.73, 348.03], [348.64077, 349.280816]], [[10.32, 15.680476], [26.32, 29.399977], [35.56, 38.920793], [43.84, 47.320272], [62.640022, 66.640385], [69.840566, 73.919954], [98.12, 100.800317], [103.88, 106.399954], [110.040022, 114.24], [118.960022, 124.040657], [132.76, 133.840226], [329.080385, 331.799977], [352.040702, 358.959954], [375.800068, 379.679977], [1.9442199999999998, 5.184586666666666], [4.536513333333333, 4.536513333333333]], [[1.440589, 9.073416916666666], [91.080725, 101.92034], [104.240453, 115.08], [384.321632, 388.860725], [46.01518579166667, 59.62531116666666], [28.516453166666665, 38.8860725]], [[49.90379304166667, 49.90379304166667], [43.422780958333334, 101.75188970833332], [58.32910875, 58.32910875], [92.03037158333333, 92.03037158333333]], [[0.6481012083333333, 5.832910875], [34.34936404166667, 44.718983375], [99.80758608333333, 109.960012], [117.30631870833332, 127.67593804166667], [368.7695875416666, 383.027814125], [66.75442445833333, 74.53163895833335]], [[37.520611, 43.358979], [46.009092, 53.79240029166667], [70.228502, 75.590815], [89.043559, 96.869999], [110.732811, 115.191042], [119.767323, 132.000248], [136.240248, 140.95653], [349.606462, 351.432584], [353.766734, 356.472856], [375.841972, 378.318117]], [[3.890045, 9.721518125], [27.007324, 32.753673], [37.963968, 47.878525], [75.326099, 84.83263], [109.088004, 115.074353], [132.673355, 139.397754], [207.129637, 209.029773], [215.288095, 218.390271], [263.204829, 270.55526]], [[4.280005, 9.519345], [26.319075, 40.879723], [45.440004, 46.198896], [62.400004, 63.279691], [78.440007, 83.159549], [93.680001, 98.839237], [109.360001, 111.999818], [259.22933333333333, 259.22933333333333], [188.680002, 189.560142], [258.240001, 258.719213], [267.00621333333333, 272.160738], [324.52, 325.919156], [333.440003, 333.759482], [352.920003, 354.759395], [380.680468, 382.479615]], [[2.592404833333333, 12.962024166666668], [35.407981, 39.534173708333334], [44.718983375, 50.55189425], [69.727936, 79.558548], [95.403401, 105.32], [109.402539, 125.08353545999998], [385.6202259, 388.21263078]]]","[['ME'], ['ETH_84_14_02_13_PM'], ['UNI_32_14_02_17_PM'], ['UNI_44_14_02_20_PM'], ['UNI_41_14_02_20_AM'], ['UNI_98_14_02_20_AM'], ['UNI_32_14_02_20_AM'], ['UNI_98_14_02_20_PM'], ['UNI_41_14_02_20_PM'], ['UNI_41_14_02_25_PM'], ['UNI_44_14_02_25_PM'], ['UNI_98_14_02_25_PM'], ['UNI_32_14_02_25_PM']]",388.844,25,15
Fire Domino.mp4,1612,"[[[10.853593333333333, 12.495313333333332], [43.505579999999995, 46.5154]], [[1.797753333333333, 2.097753333333333], [9.759113333333334, 11.400833333333333], [17.602886666666667, 19.518226666666667], [28.821306666666665, 31.283886666666664], [47.8835, 49.251599999999996]], [[11.309626666666666, 12.312899999999999], [18.514953333333334, 20.24788], [32.000001, 34.13243], [44.300001, 45.06598], [46.633006, 47.99918]], [[40.31334666666666, 45.699983], [9.485493333333332, 12.039279999999998]], [[23.440113333333333, 26.72355333333333], [10.762386666666666, 13.133759999999999], [44.41764666666666, 46.69781333333333]], [[9.633015, 13.899977], [27.367006, 29.633015], [44.233015, 45.365895]], [[8.291120999999999, 8.591121], [13.042553333333332, 14.22824], [19.062193333333333, 19.518226666666667], [22.467029, 22.89287333333333], [26.4, 26.72355333333333], [30.8, 31.831126666666666], [38.67162666666666, 39.6749], [47.733015, 49.98125333333333], [43.779199999999996, 44.866999]], [[43.87040666666667, 46.24178], [17.602886666666667, 19.70064], [9.120666666666667, 12.312899999999999]], [[9.823679, 13.82818], [23.812019, 25.72028], [44.220136, 46.5154]], [[9.394286155700684, 12.130486488342285], [17.96771240234375, 19.244606018066406], [44.50885009765625, 46.697811126708984], [32.28715896606445, 33.47284698486328]], [[8.573426666666666, 12.130486666666666], [22.16322, 24.169766666666664], [42.77592666666666, 45.42092]], [[8.082448, 12.132766], [19.337052, 20.275079], [25.006394, 26.179138], [43.779199999999996, 45.831904]], [[9.205637166666667, 9.505637166666668], [15.961166666666665, 17.238059999999997], [22.367006, 23.867324], [34.299753, 35.632701], [38.500045, 39.40128], [43.779199999999996, 44.7999655], [52.300022, 53.467029], [10.853593333333333, 11.583246666666666]], [[7.9349799999999995, 12.969588], [23.421872, 25.296916], [44.267505, 45.530367999999996]], [[8.974735999999998, 12.244063], [27.827555, 30.045158], [43.998096, 46.405952]]]","[['ME'], ['UNI_164_13_09_30_PM'], ['UNI_136_13_09_30_PM'], ['UNI_156_13_09_30_PM'], ['UNI_44_13_10_01_AM'], ['UNI_156_13_10_01_AM'], ['UNI_164_13_10_01_AM'], ['OTHER_129_132_158_18_13_10_03_AM'], ['ETH_66_13_10_03_PM'], ['ETH_37_13_10_03_PM'], ['ETH_87_13_10_07_PM'], ['ETH_68_13_10_16_PM'], ['OTHER_92_106_104_29_13_10_20_PM'], ['ETH_34_14_02_26_PM'], ['OTHER_129_132_158_18_14_02_27_PM']]",54.724,30,15
Jumps.mp4,950,"[[[12.205229, 14.476479999999999], [1.94664, 3.404375000000002], [18.89205833333333, 21.05575433333333]], [[2.03112, 3.40704], [12.31776, 15.33168], [30.728879999999997, 32.200012]], [[12.68, 14.559836], [20.70432, 22.119251], [2.22768, 3.0139199999999997], [5.484719999999999, 5.78472], [9.36936, 10.319565]], [[11.709119999999999, 12.00912], [7.403759999999999, 9.04176], [13.366079999999998, 14.807519999999998], [22.40784, 24.8976]], [[8.76, 14.610959999999999]], [[2.52, 4.24], [12.121199999999998, 15.160793]], [[7.27272, 9.04176], [12.055679999999999, 14.938559999999997], [23.6, 24.832079999999998]], [[8.8452, 14.676479999999998]], [[11.239987, 13.104], [21.88368, 22.53888], [14.741999999999997, 17.952479999999998]], [[2.407392, 3.7346399999999993], [11.964814, 15.084671], [23.65272, 25.09416]], [[1.8345600366592407, 2.9484000205993652], [12.121200561523438, 15.462719917297363], [9.369359970092773, 10.810800552368164]], [[8.77968, 9.89352], [22.669919999999998, 23.9148], [2.22768, 3.0328799999999996], [12.055679999999999, 14.807519999999998]], [[1.803492, 4.78296], [11.565986, 14.443537]], [[11.99016, 14.414399999999999], [23.32512, 24.37344], [1.760476, 2.840544], [8.520022, 9.828]], [[2.534444, 4.28238], [9.568548, 10.890158], [12.680566, 14.364467]]]","[['ME'], ['UNI_44_13_09_30_PM'], ['UNI_136_13_09_30_PM'], ['UNI_156_13_09_30_PM'], ['UNI_164_13_09_30_AM'], ['UNI_164_13_10_01_AM'], ['UNI_156_13_10_01_AM'], ['UNI_44_13_10_01_AM'], ['OTHER_129_132_158_18_13_10_03_PM'], ['ETH_66_13_10_03_PM'], ['ETH_37_13_10_03_PM'], ['ETH_87_13_10_07_PM'], ['ETH_68_13_10_16_PM'], ['OTHER_92_106_104_29_13_10_20_PM'], ['ETH_34_14_02_26_PM']]",39.312,25,15
Kids_playing_in_leaves.mp4,3187,"[[[1.435011, 7.508005], [16.617007, 20.847315384], [63.924676254000005, 66.051953334], [70.837008, 73.92287853]], [[4.705011, 11.777981]], [[42.00825, 45.376], [3.8994999999999997, 13.825499999999998], [93.05625, 94.82875]], [[11.545004, 14.146628], [26.627001, 29.362411], [53.519737, 55.25568], [66.466, 68.334387], [72.940002, 73.406654]], [[4.254, 6.735499999999999], [21.154036, 23.57425], [42.309002, 44.48975], [55.889047, 58.224988], [64.865056, 67.034648], [71.705034, 74.240997], [100.367029, 102.001972]], [[71.67288252000023, 75.80621585333333], [10.45911231, 13.827301020000002], [40.06371834, 45.027364860000006], [96.79110714, 98.91838422000001]], [[53.175, 60.974000000000004], [3.0132499999999998, 10.635], [29.955249999999996, 29.955249999999996]], [[3.07, 8.307959], [13.470999999999998, 18.718979], [68.20102, 73.44]], [[11.444193, 14.113354], [31.33102, 35.268979], [80.826, 84.371], [89.055578, 94.260997]], [[3.704104, 8.075011], [8.675011, 13.41365], [16.884013, 20.086099]], [[3.72273489, 6.73637742], [15.501541, 17.637504], [30.298366, 35.80916418], [88.81381809, 94.13201079]], [[4.838, 8.274323], [12.713, 14.711749999999999], [16.450001, 17.350715], [29.83, 32.833346], [59.66, 60.86061], [86.186, 87.554739], [91.425003, 92.090927], [96.462825, 97.964257]], [[2.3396999999999997, 16.48425]], [[3.8556897075, 6.647740875], [11.965933575000001, 13.561391385], [16.885261822500002, 18.08185518], [30.9784724775, 32.0421110175], [52.5171529125, 54.086389], [58.3671648825, 59.324959], [67.534007, 69.201626], [72.437816, 73.205685], [78.975161595, 79.90584531750001], [95.062011, 97.763213]], [[10.52865, 14.0382], [16.3779, 22.227149999999998], [1.7016, 7.231799999999999]]]","[['ME'], ['UNI_41_14_02_20_PM'], ['UNI_44_14_02_20_PM'], ['UNI_98_14_02_20_PM'], ['UNI_32_14_02_20_AM'], ['UNI_41_14_02_20_AM'], ['UNI_98_14_02_20_AM'], ['UNI_44_14_02_20_AM'], ['UNI_41_14_02_25_PM'], ['UNI_44_14_02_25_PM'], ['UNI_32_14_02_25_PM'], ['UNI_98_14_02_25_PM'], ['ETH_34_14_02_26_PM'], ['OTHER_92_105_85_220_14_02_26_PM'], ['OTHER_129_132_158_18_14_02_27_PM']]",106.35,29.97002997002997,15
Notre_Dame.mp4,4608,"[[[3.167006, 4.792017], [23.235872000000004, 25.0839], [90.831136, 92.751456], [122.516416, 124.8208], [138.455072, 139.79813333333337], [141.719616, 146.520416], [176.68829866666675, 180.500022], [128.277376, 132.50208], [187.273232, 187.57323200000002], [14.018336000000001, 15.746624000000002]], [[4.4807466666666675, 8.333038], [49.92832000000001, 54.375034], [80.65344, 88.33472], [91.958004, 93.13552000000001], [123.22053333333335, 131.042108], [142.25, 145.123922], [173.375011, 174.10901333333334]], [[2.583003, 8.041616], [15.167003, 16.542], [23.625314, 24.250347], [33.250001, 33.831833], [39.625002, 40.292161], [46.75, 47.957637], [54.792001, 55.166949], [78.417002, 78.957173], [89.892, 91.85530666666666], [133.167001, 133.999998], [144.917001, 145.625512], [163.792001, 164.249509], [175.5, 176.12418], [191.880876, 192.180876]], [[5.333015, 12.333015], [46.708004, 53.667006], [85.375034, 90.04229], [96.833015, 101.082993], [173.208027, 178.5]], [[4.8008, 11.841973333333334], [121.94032000000001, 131.22186666666667], [178.75, 184.125034]], [[23.16696, 26.208038], [69.458004, 76.000022], [89.083015, 91.499977], [96.5, 97.957936], [113.375034, 118.791995], [125.125034, 130.33297], [154.750029, 156.41699], [156.917013, 158.541968]], [[4.8008, 8.961493333333335], [17.602933333333333, 23.04384], [33.375011, 37.249977], [41.167006, 46.208004], [89.333015, 94.09568], [126.42106666666666, 131.86197333333334]], [[6.081013333333334, 11.52192], [16.002666666666666, 17.92298666666667], [24.644106666666666, 26.244373333333336], [90.74514666666667, 92.81546666666668], [128.02133333333333, 131.22186666666667], [147.86464, 151.38522666666665], [164.50741333333335, 167.06784000000002], [179.86997333333335, 181.79029333333335]], [[112.65877333333334, 128.98149333333333], [89.93498666666667, 100.8168], [147.86464, 149.46490666666668]], [[6.401066666666667, 9.667001], [15.000022, 16.642773333333334], [21.333038, 22.72378666666667], [44.54204, 47.124988], [89.292426, 92.957981], [97.000022, 99.5], [107.750022, 109.292562], [123.208027, 125.917006], [137.083015, 140.541995], [168.792018, 171.875011], [172.792018, 175.333015]], [[177.6296, 182.43040000000002], [21.61362666666667, 21.913626666666666], [1.6002666666666667, 8.624959], [17.000005, 22.373882], [89.833011, 95.333028]], [[5.440906666666667, 9.281546666666667], [30.085013333333336, 33.28554666666667], [70.09168, 76.49274666666666], [91.104173, 95.37589333333334], [137.73084, 142.601135], [176.66944, 180.307303]], [[6.875002, 9.249245], [11.000003, 13.916446], [17.58353, 19.374729], [22.958, 24.042811], [40.333002, 42.37561], [47.708001, 48.541951], [49.292001, 50.583], [89.083008, 90.542707], [96.750004, 98.000037], [107.250005, 108.66658], [117.958008, 118.874996], [120.125026, 122.24916], [125.958, 127.582399], [137.250001, 138.832885], [142.373989, 144.58213], [165.500004, 166.332085]], [[41.31603, 46.514307], [93.45557333333335, 95.311132], [118.72052, 119.554534], [123.444738, 129.479069], [137.729591, 140.397708], [143.024647, 144.523967], [156.062742, 157.896665]], [[21.761337, 27.729501], [89.095941, 96.087324], [139.123718, 141.340498], [162.847528, 166.10768000000002], [176.66944, 180.126016]]]","[['ME'], ['UNI_32_14_02_17_PM'], ['UNI_98_14_02_20_PM'], ['UNI_41_14_02_20_PM'], ['UNI_44_14_02_20_AM'], ['UNI_32_14_02_20_AM'], ['UNI_41_14_02_20_AM'], ['UNI_32_14_02_20_PM'], ['UNI_44_14_02_25_PM'], ['UNI_32_14_02_25_PM'], ['UNI_98_14_02_25_PM'], ['UNI_41_14_02_25_PM'], ['ETH_34_14_02_26_PM']]",192.032,24,15
Paintball.mp4,6096,"[[[9.374603333333333, 18.977019], [52.412555, 66.608013], [98.849028, 105.355049], [236.92179333333334, 244.59192333333334]], [[10.219604, 14.138979], [19.686, 22.606333], [34.785041, 40.791375], [54.304, 62.019979], [82.374, 84.125979], [102.47702, 105.439062], [193.985145, 196.988291], [230.772229, 235.068479], [240.323, 243.702], [250.79202, 252.419479]], [[55.514001, 62.89598], [8.948485, 15.139401], [45.16854333333333, 49.75798], [34.941703333333336, 40.541015], [100.84004499999999, 101.140045], [90.62641249999999, 90.9264125], [95.45050666666666, 104.187006]], [[13.244658, 14.04407], [55.285144, 57.938888], [61.020459, 62.204763], [63.32343, 66.968648], [75.900087, 76.749424], [79.140926, 81.514152], [83.685932, 86.533154], [92.172422, 93.308126], [96.179694, 98.320515]], [[5.130002, 7.216378], [10.677565, 14.722824], [236.495675, 236.495675], [33.200002, 40.48124166666666], [99.891003, 104.186975], [229.2516633333333, 233.0867283333333], [247.664003, 255.671]], [[33.23723, 44.12702], [0.4261183333333333, 14.888847], [97.15498, 107.64925]], [[95.45050666666666, 106.940006], [98.00721666666666, 98.00721666666666], [7.6701299999999994, 14.061905], [75.84906333333333, 79.68412833333333], [228.39942666666664, 238.20014833333335], [202.25620833333332, 202.55620833333333]], [[11.47, 12.887979], [55.013, 58.934], [78.28702, 79.70502], [99.28557166666667, 105.67734666666666]], [[10.22684, 11.505195], [15.766378333333332, 20.027561666666667], [97.58109833333333, 104.82511]], [[7.049, 15.766378333333332], [32.86627, 33.951333], [59.576, 59.876], [77.619, 78.828979], [90.632, 95.761979], [115.03202, 116.116062], [231.565625, 242.617]], [[8.948485, 14.488023333333334], [53.690909999999995, 63.06551333333333], [97.30602, 106.14802], [228.82554499999998, 235.819083]], [[229.67778166666665, 239.4785033333333], [98.85945333333333, 105.731015], [7.6701299999999994, 14.514983]], [[57.349135, 66.733301], [103.853105, 104.813677], [99.56168999999998, 105.397689], [7.6701299999999994, 13.972295], [236.903758, 252.68817166666665]], [[5.9656572341918945, 15.766378402709961], [237.77403259277344, 245.44418334960938], [93.31991577148438, 111.0048599243164]], [[99.28557166666667, 104.82511], [238.20014833333335, 255.671], [5.339279, 17.044733333333333]], [[7.244011666666667, 14.598484], [75.422945, 80.622176], [98.49054933333333, 103.97287333333333], [227.9733083333333, 233.0867283333333]], [[10.677081, 14.222081], [35.953062, 41.083062], [53.971395, 63.522187], [98.00721666666666, 104.730549], [226.101049, 234.775216], [238.280216, 242.408549]]]","[['UNI_44_13_09_25_AM'], ['UNI_156_13_09_25_PM'], ['UNI_164_13_09_25_PM'], ['OTHER_213_144_144_218_13_09_29_PM'], ['UNI_136_13_09_30_AM'], ['UNI_44_13_09_30_AM'], ['UNI_156_13_09_30_AM'], ['UNI_164_13_09_30_AM'], ['UNI_44_13_10_01_PM'], ['UNI_164_13_10_01_PM'], ['UNI_156_13_10_01_PM'], ['OTHER_129_132_158_18_13_10_03_PM'], ['ETH_66_13_10_03_PM'], ['ETH_37_13_10_03_PM'], ['ETH_87_13_10_07_PM'], ['ME'], ['ETH_68_13_10_16_PM']]",255.671,23.976023976023978,17
paluma_jump.mp4,2574,"[[[40.79965, 44.407198], [60.794012, 66.3], [78.412696, 80.998042]], [[41.08596333333333, 44.37856666666667], [73.240038, 75.70861], [60.55527000000001, 65.42259666666668], [81.615027, 83.31718000000001]], [[43.776984, 44.309863], [64.12734333333333, 64.42734333333334], [60.55527000000001, 62.845776666666666], [37.79336000000001, 38.337963], [35.07338333333334, 42.842974]], [[4.338004, 7.240997], [41.942018, 45.144988], [61.128004, 65.430907]], [[1.00102, 4.569863], [41.940997, 44.877981], [60.76102, 64.897981]], [[1.335, 2.935544], [40.040383, 41.374495], [42.509, 44.043627], [62.729002, 64.063648], [78.612003, 80.07946]], [[78.02038333333334, 79.45195000000001], [40.65649333333334, 45.09435], [60.55527000000001, 67.42679]], [[54.25637666666667, 67.14047666666667]], [[39.65439666666667, 44.951193333333336], [60.55527000000001, 66.28153666666668], [80.45404666666667, 82.31508333333333]], [[26.860022, 30.062900000000003], [41.515433333333334, 45.144965], [60.69842666666668, 64.096984], [78.045034, 79.845986]], [[61.261246, 72.43727333333334]], [[42.1417085, 42.4417085], [60.861002, 65.399363], [82.049002, 83.31718000000001], [40.07702333333334, 42.51753]], [[59.982643333333336, 66.71100666666666], [39.94071, 45.23750666666667]], [[42.244035, 44.576371], [58.722992, 63.261224], [80.082176, 82.480317]], [[59.417489, 64.33460600000001], [40.198392, 44.836668], [80.998042, 82.801816]]]","[['ME'], ['OTHER_92_105_85_220_14_02_16_PM'], ['UNI_32_14_02_20_PM'], ['UNI_44_14_02_20_PM'], ['UNI_41_14_02_20_AM'], ['UNI_98_14_02_20_AM'], ['UNI_44_14_02_25_PM'], ['UNI_98_14_02_25_PM'], ['UNI_32_14_02_25_PM'], ['UNI_41_14_02_25_PM'], ['ETH_5_14_02_27_PM']]",85.894,29.97002997002997,15
playing_ball.mp4,3120,"[[[17.76640033333333, 19.13692], [28.466507333333336, 31.1], [53.20521166666668, 57.799412], [0.49069666666666667, 3.533333333333337], [10.81652, 13.367019], [14.102043333333334, 15.533018]], [[42.01802, 43.133008], [11.500279, 15.532864], [29.433414999999997, 31.600012], [54.867008, 58.532427], [86.22014499999999, 88.19623999999999], [89.86701, 91.93218]], [[20.801, 20.801], [10.900018, 12.732989], [13.733011, 15.254066666666665], [17.50750833333333, 18.333011], [20.974341666666668, 22.361074999999996], [53.900013, 55.499968], [56.667043, 57.099991], [30.16145, 31.201499999999996], [67.406952, 70.56336666666662], [86.15080833333333, 87.884225], [1.2534, 3.2934916666666663]], [[1.567029, 4.299954], [10.733038, 13.366984], [14.367006, 15.766984], [20.3, 21.366984], [54.167006, 55.23356], [68.100022, 71.232993], [84.300022, 87.71088333333333]], [[18.720899999999997, 33.801624999999994]], [[15.867006, 22.43297], [81.899977, 85.898888]], [[1.667002, 4.265877], [15.733462, 16.79956], [23.000003, 23.731869], [42.367005, 44.265916], [53.933001, 55.199516], [76.233002, 78.932719]], [[1.267006, 5.999954], [12.899976, 19.566997], [51.567006, 54.799954]], [[10.7, 11.499977], [14.033492, 16.032993], [17.867006, 21.898956], [47.433424, 49.633537], [51.733015, 53.899977], [56.682725000000005, 59.10950833333334]], [[2.253441666666667, 6.2402999999999995], [13.867333333333333, 17.900008], [27.387983333333334, 31.132994], [89.61764166666667, 93.43115833333333]], [[0.17334166666666667, 6.2402999999999995], [13.867333333333333, 19.76095], [54.949308333333335, 58.433151]], [[11.267208333333333, 23.74780833333333], [54.42928333333333, 57.549433333333326]], [[2.467001, 3.799215], [8.147058333333332, 8.667083333333334], [14.396849999999999, 14.69685], [38.700001, 42.81539166666667], [49.100001, 57.37609166666667], [86.67083333333333, 87.71088333333333]], [[21.369046, 32.429681], [54.368956, 55.363015], [68.571768, 70.827867]], [[5.783967, 7.085645], [19.750362, 21.216484], [30.478979, 33.855215], [40.747596, 43.508758333333326], [53.212312, 57.37609166666667]], [[0.17334166666666667, 6.760325], [19.06758333333333, 22.361074999999996], [67.60324999999999, 70.7234], [85.2841, 87.884225]]]","[['ME'], ['ETH_84_14_02_13_PM'], ['OTHER_92_105_85_220_14_02_16_PM'], ['UNI_32_14_02_17_PM'], ['UNI_44_14_02_20_AM'], ['UNI_41_14_02_20_AM'], ['UNI_98_14_02_20_AM'], ['UNI_32_14_02_20_AM'], ['UNI_32_14_02_20_PM'], ['UNI_41_14_02_20_PM'], ['UNI_44_14_02_20_PM'], ['UNI_98_14_02_20_PM'], ['UNI_98_14_02_25_PM'], ['UNI_44_14_02_25_PM'], ['UNI_41_14_02_25_PM'], ['UNI_32_14_02_25_PM']]",104.005,30,16
Playing_on_water_slide.mp4,3065,"[[[96.25206700000001, 99.729825], [34.470719, 36.82332], [44.085697, 45.645508], [62.190496, 65.232038], [77.533546, 79.412956], [91.54686500000001, 94.00175300000001]], [[1.668004, 5.605664], [31.732, 34.434093], [79.980002, 81.414518], [97.097, 97.96436]], [[28.629002, 37.40399], [89.423015, 91.857981]], [[10.944013, 13.479954], [24.323997, 25.490918], [34.735034, 36.435963], [46.880022, 48.18102], [52.119024, 53.253764], [56.356009, 57.255986], [30.864832, 33.198959], [22.162183333333335, 24.290981], [63.564001, 65.531983]], [[7.774036, 10.977959], [96.83169333333333, 99.729825]], [[14.831615000000001, 18.070703333333334], [32.22040500000001, 34.266145], [53.700675000000004, 55.746415000000006], [76.37429333333334, 77.90859833333333], [94.27451833333333, 97.51360666666667], [17.21831166666667, 17.21831166666667]], [[5.639002, 8.523916666666667], [19.152018, 21.991705000000003], [28.16102, 30.464263], [62.763038, 65.431995], [90.01256, 91.88782166666668], [98.23102, 100.13297]], [[6.989611666666667, 11.134217], [28.157165, 32.497437], [93.560884, 100.300022]], [[0.6819133333333334, 3.06861], [6.819133333333334, 18.75261666666667], [97.34312833333334, 98.36599833333334]], [[45.053128, 47.575305], [52.0495, 52.917618], [64.402244, 65.192312], [96.32025833333334, 98.70695500000001], [32.910566, 36.028752]], [[7.5561235, 7.856123500000001], [11.081091666666667, 12.010869], [15.0150055, 15.3150055], [17.3345565, 17.6345565], [31.368013333333334, 32.031776], [35.62997166666667, 36.568939], [38.071001, 38.437069], [100.07078166666668, 101.09365166666667], [45.858671666666666, 48.07489], [56.557, 58.189881], [67.868303, 68.601373], [87.721163, 88.478255], [91.54686500000001, 96.66121500000001]], [[29.966938, 34.699228], [45.047799, 52.319047], [64.400906, 67.263038]], [[92.0583, 96.32025833333334], [50.97302166666667, 55.064501666666665], [2.2162183333333334, 8.353438333333333]], [[7.4158075000000006, 8.05510125], [14.575897500000002, 15.470908750000001], [29.791088750000004, 31.06967625], [35.0332975, 36.5676025], [45.045238000000005, 46.15700875], [52.16637000000001, 53.31709875000001], [55.622018, 57.792155], [64.164013, 65.498798], [76.58739125, 77.73812000000001], [95.12691000000001, 97.530317]], [[28.025571, 31.568968], [43.574262, 48.074889999999996], [91.54686500000001, 95.43377100000001]]]","[['ME'], ['UNI_98_14_02_20_PM'], ['UNI_41_14_02_20_PM'], ['UNI_32_14_02_20_PM'], ['UNI_44_14_02_20_AM'], ['UNI_41_14_02_20_AM'], ['UNI_32_14_02_20_AM'], ['UNI_41_14_02_25_PM'], ['UNI_98_14_02_25_PM'], ['UNI_44_14_02_25_PM'], ['UNI_32_14_02_25_PM'], ['OTHER_92_105_85_220_14_02_26_PM'], ['OTHER_129_132_158_18_14_02_27_PM']]",102.287,29.97002997002997,15
Saving dolphines.mp4,6683,"[[[47.540970666666674, 51.511151999999996], [30.397004, 33.032492], [41.275008, 43.929424], [58.869887999999996, 62.43776], [78.270192, 83.61943466666679], [198.908864, 202.03075199999998], [157.791008, 168.301216]], [[29.38603, 31.970963], [47.051312, 50.396192], [91.727061, 100.456516], [120.736087, 138.078748]], [[50.91650666666666, 55.00469333333333], [111.86765333333334, 120.41568], [205.52429333333333, 219.64712]], [[0.834036, 11.844988], [18.619024, 24.12399], [36.503038, 42.808979], [54.26138666666667, 56.156031], [75.509002, 77.777981], [107.007006, 109.008979], [201.635034, 205.070986], [220.58704, 221.61992]], [[2.469024, 9.643106], [23.29, 30.730997], [37.17, 43.809977], [60.96102, 68.367981], [102.736009, 105.471609]], [[3.370368, 6.939596], [31.932003, 33.632906], [40.274, 42.174404], [51.084002, 52.852922], [63.53, 64.864533], [78.845205, 85.953563], [110.010001, 113.178949], [134.301001, 138.27026], [209.643, 211.143966]], [[22.422005, 26.459072], [39.766906666666664, 45.34170666666666], [124.13221333333333, 138.62669333333335], [199.20618666666667, 202.55106666666666], [62.43775999999999, 68.38421333333334], [98.48813333333332, 98.48813333333332], [141.97157333333334, 141.97157333333334], [139.37, 139.37], [179.50856, 179.50856], [211.47074666666666, 211.47074666666666], [36.42202666666667, 36.42202666666667]], [[5.946453333333333, 10.710975], [29.53, 34.467981], [55.923015, 62.43775999999999], [81.548004, 87.588027], [107.54102, 112.98261333333333], [170.537006, 175.79202666666666]], [[7.708004, 10.977959], [35.569001, 41.996826666666664], [56.456009, 61.160997], [77.61102, 81.447981], [91.558027, 93.459977], [110.143129, 115.881972], [146.780022, 149.78297], [207.507029, 210.909886]], [[2.9732266666666667, 5.203146666666666], [23.042506666666664, 26.01573333333333], [39.39525333333333, 42.74013333333333], [54.63304, 59.83618666666666], [75.07397333333333, 79.16215999999999], [98.18314666666666, 101.08970666666667], [118.92906666666667, 121.53063999999999], [139.74165333333332, 142.34322666666668], [174.1554133333333, 177.6502933333333], [201.06445333333332, 205.15264]], [[29.364897, 33.031111], [37.705396, 40.505532], [49.716099, 52.784263], [65.268979, 69.335238], [76.677641, 79.475782], [108.310204, 112.041677], [133.470884, 137.671111], [151.013832, 154.214058], [196.930521, 197.997959]], [[14.357278, 46.043083]], [[217.04554666666667, 218.53216], [13.751173333333332, 17.351276], [24.691003, 34.433063], [36.236003, 41.641391], [50.083694, 51.517814], [65.732003, 69.135581], [86.887005, 90.31175999999999], [134.368003, 136.402506], [146.146002, 147.345939], [211.84239999999997, 213.32901333333334]], [[47.943279999999994, 52.40312], [76.0117, 80.811972], [135.337097, 144.57314666666664], [211.84239999999997, 220.68594], [27.130693333333333, 33.077146666666664]], [[29.329007, 32.633021], [11.595583999999999, 16.416014], [42.075004, 45.279018], [57.090018, 61.322799999999994], [115.048001, 120.86166399999999], [193.626312, 196.562389], [213.880014, 215.410272]]]","[['ME'], ['ETH_84_14_02_14_PM'], ['UNI_44_14_02_20_PM'], ['UNI_32_14_02_20_PM'], ['UNI_41_14_02_20_AM'], ['UNI_98_14_02_20_AM'], ['UNI_44_14_02_20_AM'], ['UNI_41_14_02_20_PM'], ['UNI_41_14_02_25_PM'], ['UNI_44_14_02_25_PM'], ['UNI_98_14_02_25_PM'], ['UNI_32_14_02_25_PM'], ['ETH_5_14_02_27_PM']]",222.992,29.97002997002997,15
Scuba.mp4,2221,"[[[38.9425163269043, 40.42438888549805], [51.789642333984375, 52.977840423583984], [55.934730529785156, 57.75857162475586], [63.80592346191406, 66.56214141845703], [72.50686645507812, 74.03299713134766]], [[15.629188888888889, 20.317945555555557], [69.75553777777779, 72.22330444444445], [3.833385, 7.403300000000001]], [[8.225888888888889, 11.567001], [17.83377, 21.167002], [36.400062, 40.22459666666667], [15.875965555555556, 15.875965555555556]], [[39.14255142211914, 40.37210464477539], [56.206031799316406, 57.676055908203125], [72.4886474609375, 73.72522735595703], [1.521056056022644, 3.0896151065826416], [16.552692413330078, 19.1241512298584]], [[15.711447777777778, 20.729239999999997], [62.333, 66.466554]], [[20.13335, 27.767278], [55.68926777777778, 57.698902], [72.47008111111111, 73.967158]], [[3.567002, 6.933151], [37.867, 40.266513], [61.56734, 66.133498]], [[10.867002, 14.666207], [38.900001, 41.333381], [55.267001, 57.066203], [60.600003, 62.666439], [73.200001, 73.867]], [[49.10855666666667, 60.090118333333336]], [[15.438964, 19.195334], [37.969144, 41.040958], [55.48753, 59.121374]], [[1.6040483333333333, 5.6], [35.165675, 39.97782], [55.40136166666667, 57.700002]], [[0.24677666666666667, 2.3443783333333332], [6.539581666666667, 8.760571666666666], [34.548785, 37.88021833333334], [50.712605, 53.303760000000004]], [[60.433393, 66.132687], [0.433513, 2.899763], [21.067347, 22.366452], [71.533001, 72.76647]], [[20.067002, 25.332488], [38.667002, 40.266084], [55.154585000000004, 57.599773]], [[6.400142, 7.999264], [15.600003, 17.867637], [19.700717, 21.598801], [36.833462, 40.532661], [57.233001, 57.866408], [73.2, 73.867062]], [[71.68862166666668, 74.033], [53.797313333333335, 57.833484]], [[7.526688333333333, 9.747678333333333], [71.93539833333334, 73.78622333333334], [37.13988833333333, 39.97782]]]","[['ETH_84_13_08_23_AM'], ['ETH_66_13_08_23_PM'], ['ETH_68_13_08_28_PM'], ['ETH_122_13_08_28_PM'], ['ETH_126_13_08_29_AM'], ['ETH_34_13_08_30_AM'], ['UNI_164_13_09_25_AM'], ['UNI_156_13_09_25_AM'], ['UNI_44_13_09_25_PM'], ['OTHER_213_144_144_218_13_09_29_PM'], ['UNI_44_13_09_30_PM'], ['UNI_136_13_09_30_PM'], ['UNI_156_13_09_30_PM'], ['UNI_164_13_09_30_PM'], ['UNI_164_13_10_01_PM'], ['UNI_156_13_10_01_PM'], ['UNI_44_13_10_01_PM']]",74.033,30,17
St Maarten Landing.mp4,1751,"[[[27.938180923461914, 29.087207794189453], [49.582672119140625, 58.18195724487305]], [[26.226088888888892, 28.482933333333335], [31.829288888888893, 33.039294], [49.4, 55.44001], [57.43280000000001, 58.4444888888889]], [[0.15564444444444445, 2.640001], [24.047066666666666, 27.557932], [49.72840000000001, 52.763466666666666], [52.68564444444445, 54.160002]], [[27.751102447509766, 29.07693862915039], [50.47051239013672, 58.13320075988769], [5.2919111251831055, 6.614889144897461]], [[26.926488888888894, 29.105511111111113], [48.16, 56.34328888888889]], [[26.56, 31.759844], [47.68, 52.760108]], [[25.400004, 28.559347], [33.360531, 35.839687], [49.48, 52.63948], [59.679737, 60.399389]], [[36.960002, 39.199075], [41.800002, 43.959259], [50.760002, 55.440001]], [[45.64273333333334, 55.915266666666675]], [[48.210867, 58.600133]], [[0.0, 2.4514], [24.280533333333334, 27.920001], [35.720400000000005, 37.16], [51.71286666666667, 54.51446666666667]], [[48.09413333333334, 56.279318]], [[25.36, 29.400614], [42.880159, 45.919316], [52.04053, 54.039659], [50.662266666666675, 51.012466666666676], [11.229967, 11.529967000000001], [17.129579500000002, 17.4295795], [21.669815, 21.969814999999997]], [[23.229933333333335, 25.564600000000002], [43.074600000000004, 45.639142], [49.440003, 53.463866666666675]], [[5.840583, 6.537066666666667], [24.630733333333335, 26.731933333333338], [49.14473333333334, 53.463866666666675], [57.082600000000006, 58.56686666666667]], [[23.4634, 27.782533333333333], [49.3782, 54.920328]], [[45.759466666666675, 54.39773333333334]]]","[['ETH_84_13_08_23_AM'], ['ETH_66_13_08_23_PM'], ['ETH_68_13_08_28_PM'], ['ETH_122_13_08_28_PM'], ['ETH_126_13_08_29_AM'], ['ETH_34_13_08_30_AM'], ['UNI_156_13_09_25_AM'], ['UNI_164_13_09_25_AM'], ['UNI_44_13_09_25_PM'], ['OTHER_213_144_144_218_13_09_29_PM'], ['UNI_44_13_09_30_PM'], ['UNI_164_13_09_30_PM'], ['UNI_156_13_09_30_PM'], ['UNI_136_13_09_30_PM'], ['UNI_164_13_10_01_PM'], ['UNI_156_13_10_01_PM'], ['UNI_44_13_10_01_PM']]",70.04,25,17
Statue of Liberty.mp4,3863,"[[[31.474069595336914, 37.568359375], [52.34778594970703, 57.250186920166016]], [[29.398855555555553, 34.41395444444444], [50.15098888888889, 54.82021888888889], [96.32448555555555, 102.89599444444443], [113.041296, 118.284672], [120.884968, 122.760928]], [[28.361248888888888, 33.620839], [45.65469333333333, 49.809658], [87.67776333333333, 95.520239]], [[43.233612060546875, 46.69230270385742], [95.99330139160156, 115.00141143798828]], [[35.105692222222224, 46.6923], [107.91109333333333, 116.38488111111111]], [[38.94102, 49.214964], [131.860072, 139.725376]], [[112.58032333333334, 135.279995]], [[4.520045, 7.000158], [11.400022, 14.560022], [22.880068, 27.72], [33.32, 34.72], [41.120113, 42.280022], [55.76, 57.680068], [91.6, 94.360181], [97.76, 98.839977], [105.240022, 106.398843], [114.32, 115.080022], [120.92, 121.800725]], [[40.0, 43.399977], [46.52, 49.279977], [56.96, 59.640793]], [[16.8330755, 17.133075499999997], [13.0377, 17.833717], [27.511788, 35.391552]], [[3.04, 4.928631666666666], [29.359674, 33.60003], [46.76, 50.959189]], [[95.840022, 102.479954], [117.280226, 118.999977], [121.320022, 122.360521], [129.6, 134.960226], [24.000022, 32.319977]], [[3.959998, 12.191878333333333], [32.16580666666667, 36.280001], [55.771358333333325, 58.68002], [96.75682166666665, 100.160018], [116.47134833333332, 121.120012]], [[26.36, 34.16068], [48.560498, 52.360725]], [[19.320408, 33.600204]], [[23.864953333333332, 35.53802833333333]], [[113.87733166666665, 118.02775833333334], [130.73844, 136.44527666666667]]]","[['ETH_84_13_08_23_AM'], ['ETH_66_13_08_23_PM'], ['ETH_68_13_08_28_PM'], ['ETH_122_13_08_28_PM'], ['ETH_126_13_08_29_AM'], ['ETH_34_13_08_30_AM'], ['UNI_44_13_09_25_AM'], ['UNI_156_13_09_25_AM'], ['UNI_164_13_09_25_PM'], ['OTHER_213_144_144_218_13_09_29_PM'], ['UNI_136_13_09_30_PM'], ['UNI_156_13_09_30_PM'], ['UNI_44_13_09_30_PM'], ['UNI_164_13_09_30_PM'], ['UNI_164_13_10_01_PM'], ['UNI_156_13_10_01_PM'], ['UNI_44_13_10_01_PM']]",155.641,25,17
Valparaiso_Downhill.mp4,5178,"[[[18.018004, 20.215610999999996], [39.506012, 41.295137], [46.13306099999999, 47.515325], [55.022016, 57.123876], [67.134016, 70.14989800000001], [89.756008, 92.438905], [111.44503499999999, 114.03677999999998], [127.661, 129.7298], [160.34262399999997, 165.698897], [11.058112, 13.847021]], [[23.27701, 24.707969], [35.940627, 37.655414], [39.790202, 42.504618], [55.636126, 58.746219999999994], [72.141777, 73.778341], [89.039429, 92.093339], [102.663971, 105.39763], [127.770797, 129.760033], [136.037234, 138.053617], [160.240345, 161.883254]], [[13.822639999999998, 15.781972], [17.417006, 18.184965], [22.523038, 24.589954], [27.995034, 29.929977], [34.167006, 35.99645833333334], [39.907006, 41.406916], [48.232018000000004, 48.532018], [66.833356, 68.634988], [89.289002, 91.59204], [95.996009, 97.463696], [123.79, 124.157006], [124.958027, 126.025986], [135.836031, 137.770997], [154.854535, 156.455986], [160.160022, 162.06204], [163.797006, 166.15965166666666]], [[7.741043, 16.315986], [93.994013, 98.798979]], [[3.437001, 5.605491], [12.579, 15.74794], [24.691394, 27.49359], [33.798858, 35.767958], [49.783004, 52.851826], [65.532001, 69.135807], [91.258002, 92.624848], [94.728001, 96.896114], [128.862007, 130.529828], [161.428, 163.896522]], [[118.93229833333334, 130.45116499999997], [7.199291666666666, 13.534668333333332], [160.40021833333333, 164.43182166666665]], [[9.791036666666665, 15.838441666666665], [39.07204, 42.331835], [66.433628, 68.901995], [90.19, 92.124988], [103.537006, 105.203854], [135.268004, 138.037981], [159.82427499999997, 167.400997]], [[2.636009, 5.638956], [13.514013, 16.314965], [23.69, 25.391995], [31.431043, 32.597868], [39.840022, 40.873968], [66.533038, 68.900975], [87.854013, 91.857981], [96.897029, 98.264988], [152.33701166666665, 154.57102], [161.84007666666665, 167.934036]], [[11.231372099999998, 15.5511306], [27.646454399999996, 29.950325599999996], [46.941375699999995, 50.10919859999999], [88.6990412, 93.59476749999999], [113.75364049999999, 116.63347949999998], [130.45670669999998, 133.6245296], [161.5589679, 166.74267809999998]], [[22.749761666666664, 40.31603333333333], [158.96035999999998, 167.02356666666665]], [[14.848003, 21.8867764], [30.329968, 43.277019], [89.222, 92.326014], [96.296014, 97.931025], [134.7764652, 135.869027]], [[28.696325, 31.496552], [40.707074, 42.172833], [54.925849, 56.58594], [69.872788, 71.000861], [90.894149, 92.350067], [99.702448, 102.500634], [114.6175922, 116.34549559999999], [154.823627, 156.95374], [161.635963, 162.826031], [166.83433, 171.904988]], [[10.277002, 14.413233], [16.116001, 16.816327], [19.319, 21.354521], [23.524001, 24.557662], [37.271001, 38.438222], [39.706002, 41.641403], [66.366001, 71.270697], [91.425002, 92.091604], [96.597001, 97.696806], [128.662163, 129.46239], [136.036474, 137.470584], [143.8434145, 144.1434145], [161.361576, 161.761647]], [[11.745033, 16.9910501], [111.73775319999999, 115.48154389999999], [46.714965, 52.989037599999996], [89.723014, 93.559999], [158.6791289, 164.897977]], [[67.141292, 71.297755], [88.810462, 91.57498999999999], [102.80588499999999, 106.08876199999999], [125.26767499999998, 130.10559899999998], [135.605691, 138.22746], [160.032902, 166.129047]]]","[['ME'], ['ETH_84_14_02_14_PM'], ['UNI_32_14_02_17_PM'], ['UNI_41_14_02_20_PM'], ['UNI_98_14_02_20_AM'], ['UNI_44_14_02_20_AM'], ['UNI_32_14_02_20_AM'], ['UNI_98_14_02_20_PM'], ['UNI_44_14_02_25_PM'], ['UNI_41_14_02_25_PM'], ['UNI_98_14_02_25_PM'], ['UNI_32_14_02_25_PM'], ['ETH_34_14_02_26_PM']]",172.783,29.97002997002997,15
